Symbol,Company,Earnings Date,EPS Estimate,Reported EPS,Surprise(%)
NFLX,"Netflix, Inc.","Jul 16, 2020, 12 AMEDT",1.81,1.59,-12.25
NFLX,"Netflix, Inc.","Apr 21, 2020, 12 AMEDT",1.65,1.57,-4.96
NFLX,"Netflix, Inc.","Jan 21, 2020, 12 AMEDT",0.53,1.3,146.68
NFLX,"Netflix, Inc.","Oct 16, 2019, 12 AMEDT",1.04,1.47,40.94
NFLX,"Netflix, Inc.","Jul 17, 2019, 12 AMEDT",0.56,0.6,6.57
NFLX,"Netflix, Inc.","Apr 16, 2019, 12 AMEDT",0.57,0.76,32.64
NFLX,"Netflix, Inc.","Jan 17, 2019, 12 AMEDT",0.24,0.3,25.52
NFLX,"Netflix, Inc.","Oct 16, 2018, 12 AMEDT",0.68,0.89,30.88
NFLX,"Netflix, Inc.","Jul 16, 2018, 12 AMEDT",0.79,0.85,7.19
NFLX,"Netflix, Inc.","Apr 16, 2018, 12 AMEDT",0.64,0.64,0.63
NFLX,"Netflix, Inc.","Jan 22, 2018, 12 AMEDT",0.41,0.41,-0.49
NFLX,"Netflix, Inc.","Oct 16, 2017, 12 AMEDT",0.32,0.29,-9.38
NFLX,"Netflix, Inc.","Jul 17, 2017, 12 AMEDT",0.15,0.15,-1.96
NFLX,"Netflix, Inc.","Apr 17, 2017, 12 AMEDT",0.37,0.4,7.24
NFLX,"Netflix, Inc.","Jan 18, 2017, 12 AMEDT",0.13,0.15,13.64
NFLX,"Netflix, Inc.","Oct 17, 2016, 12 AMEDT",0.06,0.12,114.29
NFLX,"Netflix, Inc.","Jul 18, 2016, 12 AMEDT",0.02,0.09,275.0
NFLX,"Netflix, Inc.","Apr 18, 2016, 12 AMEDT",0.03,0.06,76.47
NFLX,"Netflix, Inc.","Jan 19, 2016, 12 AMEDT",0.02,0.1,376.19
NFLX,"Netflix, Inc.","Oct 14, 2015, 12 AMEDT",0.08,0.07,-6.67
NFLX,"Netflix, Inc.","Jul 15, 2015, 12 AMEDT",0.04,0.06,36.36
NFLX,"Netflix, Inc.","Apr 15, 2015, 12 AMEDT",0.1,0.05,-45.45
NFLX,"Netflix, Inc.","Jan 20, 2015, 12 AMEDT",0.06,0.1,60.94
NFLX,"Netflix, Inc.","Oct 15, 2014, 12 AMEDT",0.13,0.14,3.79
NFLX,"Netflix, Inc.","Jul 21, 2014, 12 AMEDT",0.17,0.16,-0.53
NFLX,"Netflix, Inc.","Apr 21, 2014, 12 AMEDT",0.12,0.12,3.87
NFLX,"Netflix, Inc.","Jan 22, 2014, 12 AMEDT",0.09,0.11,20.6
NFLX,"Netflix, Inc.","Oct 21, 2013, 12 AMEDT",0.07,0.07,5.23
NFLX,"Netflix, Inc.","Jul 22, 2013, 12 AMEDT",0.06,0.07,22.12
NFLX,"Netflix, Inc.","Apr 22, 2013, 12 AMEDT",0.03,0.04,59.55
NFLX,"Netflix, Inc.","Jan 23, 2013, 12 AMEDT",-0.02,0.02,203.28
NFLX,"Netflix, Inc.","Oct 23, 2012, 12 AMEDT",0.01,0.02,208.47
NFLX,"Netflix, Inc.","Jul 24, 2012, 12 AMEDT",0.01,0.02,126.7
NFLX,"Netflix, Inc.","Apr 23, 2012, 12 AMEDT",-0.04,-0.01,70.44
NFLX,"Netflix, Inc.","Jan 25, 2012, 12 AMEDT",0.08,0.1,32.57
NFLX,"Netflix, Inc.","Oct 24, 2011, 12 AMEDT",0.13,0.17,23.15
NFLX,"Netflix, Inc.","Jul 25, 2011, 12 AMEDT",0.16,0.18,13.25
NFLX,"Netflix, Inc.","Apr 25, 2011, 12 AMEDT",0.15,0.16,3.05
NFLX,"Netflix, Inc.","Jan 26, 2011, 12 AMEDT",0.1,0.12,22.28
NFLX,"Netflix, Inc.","Oct 20, 2010, 12 AMEDT",0.1,0.1,-1.85
NFLX,"Netflix, Inc.","Jul 21, 2010, 12 AMEDT",0.1,0.11,13.54
NFLX,"Netflix, Inc.","Apr 21, 2010, 12 AMEDT",0.08,0.08,8.71
NFLX,"Netflix, Inc.","Jan 27, 2010, 12 AMEDT",0.06,0.08,23.99
NFLX,"Netflix, Inc.","Oct 22, 2009, 12 AMEDT",0.06,0.07,14.38
NFLX,"Netflix, Inc.","Jul 23, 2009, 12 AMEDT",0.07,0.08,6.68
NFLX,"Netflix, Inc.","Apr 23, 2009, 12 AMEDT",0.04,0.05,18.23
NFLX,"Netflix, Inc.","Jan 26, 2009, 12 AMEDT",0.05,0.05,11.57
NFLX,"Netflix, Inc.","Oct 20, 2008, 12 AMEDT",0.04,0.05,6.87
NFLX,"Netflix, Inc.","Jul 25, 2008, 12 AMEDT",0.06,0.06,4.24
NFLX,"Netflix, Inc.","Apr 21, 2008, 12 AMEDT",0.03,0.03,1.94
NFLX,"Netflix, Inc.","Jan 23, 2008, 12 AMEDT",0.02,0.03,67.92
NFLX,"Netflix, Inc.","Oct 22, 2007, 12 AMEDT",0.02,0.03,55.07
NFLX,"Netflix, Inc.","Jul 23, 2007, 12 AMEDT",0.03,0.05,63.65
NFLX,"Netflix, Inc.","Apr 18, 2007, 12 AMEDT",0.02,0.02,-11.19
NFLX,"Netflix, Inc.","Jan 24, 2007, 12 AMEDT",0.02,0.03,44.23
NFLX,"Netflix, Inc.","Oct 23, 2006, 12 AMEDT",0.02,0.03,45.34
NFLX,"Netflix, Inc.","Jul 24, 2006, 12 AMEDT",0.03,0.03,34.68
NFLX,"Netflix, Inc.","Apr 24, 2006, 12 AMEDT",0.01,0.01,8.23
NFLX,"Netflix, Inc.","Jan 24, 2006, 12 AMEDT",0.02,0.02,15.28
NFLX,"Netflix, Inc.","Oct 19, 2005, 12 AMEDT",0.02,0.03,34.7
NFLX,"Netflix, Inc.","Apr 21, 2005, 12 AMEDT",-0.03,-0.01,56.79
NFLX,"Netflix, Inc.","Jan 24, 2005, 12 AMEDT",0.01,0.02,34.59
NFLX,"Netflix, Inc.","Oct 14, 2004, 12 AMEDT",0.05,0.05,10.52
NFLX,"Netflix, Inc.","Jul 15, 2004, 12 AMEDT",0.02,0.02,-13.2
NFLX,"Netflix, Inc.","Jan 21, 2004, 12 AMEDT",0.01,0.01,19.77
NFLX,"Netflix, Inc.","Oct 15, 2003, 12 AMEDT",0.01,0.01,93.86
NFLX,"Netflix, Inc.","Jul 17, 2003, 12 AMEDT",0.01,0.01,26.3
